id;nome;idade;email;salario;data_admissao
1;Raquel Macedo;28;uaraujo@example.org;14879.93;2019-11-27
2;Dr. Paulo Jesus;52;cauesa@example.org;8482.37;2025-02-05
3;Isis Pimenta;41;luiz-otavio45@example.org;19490.39;2016-09-25
4;Alexia Dias;28;vicente98@example.com;18765.56;2015-12-24
5;Rael Andrade;28;albuquerquecatarina@example.net;15150.73;2017-04-26
6;Raquel Aragão;20;josedas-neves@example.net;6891.22;2024-11-04
7;Dr. Emanuel Vargas;19;camargomanuella@example.net;6761.11;2022-11-13
8;Benício Moreira;62;antonellanovaes@example.org;13289.5;2019-04-13
9;Srta. Ana Carolina Pinto;36;pietrada-conceicao@example.org;7063.45;2016-06-18
10;Murilo Vieira;32;antonella90@example.org;17217.79;2017-10-28
11;Dra. Bianca da Cunha;31;pribeiro@example.net;4106.3;2023-08-14
12;Gael Moraes;18;andre36@example.net;17345.83;2013-04-20
13;Kamilly Vargas;40;hcamargo@example.net;15883.71;2018-05-27
14;Raquel Moura;33;beniciosantos@example.com;19768.47;2021-01-26
15;João Cardoso;53;manuellapinto@example.net;7528.49;2019-11-02
16;Anthony Gabriel Ribeiro;34;teixeiraesther@example.net;19629.38;2012-02-26
17;Helena Camargo;50;anna-lizleao@example.org;5289.85;2022-01-05
18;Nathan Moura;55;britoana-beatriz@example.net;2255.83;2020-09-15
19;Luiz Felipe Alves;50;gabrielada-rosa@example.org;18184.2;2024-11-24
20;Eduarda Gomes;53;davi61@example.com;17488.9;2015-11-30
21;Caio da Cruz;57;umonteiro@example.net;8858.19;2014-05-12
22;Hellena Rocha;57;brayan29@example.org;19223.49;2020-10-15
23;Júlia Cardoso;51;hporto@example.org;14044.03;2014-03-07
24;Dr. Nicolas Aparecida;18;eda-rocha@example.com;5773.64;2023-05-30
25;Gael Henrique da Paz;33;maria-eduarda74@example.org;15229.63;2023-11-08
26;Alice Costa;42;luansa@example.net;12827.73;2012-03-07
27;Marina Guerra;36;goncalvesolivia@example.com;17204.22;2020-04-30
28;Alexia Sá;61;ucampos@example.net;7867.34;2023-06-25
29;Caio Pinto;64;moraesjoao-pedro@example.com;14299.83;2013-03-19
30;Isabela Borges;36;pachecosabrina@example.org;19903.36;2017-08-17
31;Ana Liz Vieira;53;garcianathan@example.org;2680.56;2024-01-11
32;Stella Siqueira;60;ceciliacassiano@example.com;8779.58;2016-07-14
33;Sra. Maria Vitória Melo;62;csampaio@example.com;16478.4;2016-04-05
34;Caio Brito;47;gomessarah@example.com;9303.97;2017-09-20
35;Sr. Enrico Vargas;37;ravi-luccasouza@example.com;18598.03;2021-04-10
36;Mateus Ribeiro;59;aragaojoao-lucas@example.net;10159.51;2019-03-25
37;Bryan Cirino;42;azevedotheodoro@example.com;5521.72;2016-05-23
38;Luiz Felipe Cavalcanti;59;allanacunha@example.org;2020.71;2017-07-22
39;João Guilherme Porto;34;martinsdavi@example.org;15694.81;2013-07-24
40;Caio Dias;27;wviana@example.net;12015.16;2019-03-09
41;Valentina Pimenta;61;paulo19@example.org;9470.93;2016-04-03
42;Lara Moura;39;emanuella15@example.net;7738.15;2023-03-02
43;André Câmara;45;ucardoso@example.net;5701.07;2020-08-11
44;Isabela Alves;62;giovanna21@example.net;19269.13;2016-02-21
45;Luiza Jesus;51;lunarios@example.org;17324.02;2022-07-26
46;Marcos Vinicius Peixoto;33;ana-juliada-rosa@example.org;19305.16;2014-03-11
47;Bernardo Melo;42;cirinosophia@example.com;12794.53;2013-05-04
48;José Miguel Cirino;41;ana-lauranunes@example.net;6522.95;2019-01-13
49;Helena Guerra;41;melinajesus@example.org;16651.44;2015-09-18
50;Samuel Castro;32;earaujo@example.org;5425.39;2014-05-31
51;Sr. Nicolas Moura;24;joaosouza@example.org;3652.53;2018-10-19
52;Dr. Bento Rocha;60;maria-helenaferreira@example.com;8132.25;2012-08-17
53;Liz Porto;34;maria-florgarcia@example.org;7987.11;2019-03-28
54;Davi Miguel Azevedo;22;lorenapinto@example.net;17921.99;2014-07-07
55;Nicolas da Paz;52;carolinegarcia@example.net;14982.64;2018-08-17
56;Larissa Nunes;29;mnovais@example.net;14912.71;2018-03-28
57;Dr. Liam Porto;29;arthur57@example.org;3950.28;2012-11-25
58;Aurora Casa Grande;24;cardosomaria-luiza@example.com;4540.06;2023-05-30
59;Dra. Maria Isis da Mata;23;sazevedo@example.net;12255.57;2018-08-13
60;Maria Luísa Campos;62;enzo-gabrielrios@example.com;18683.06;2020-10-06
61;Bruna Montenegro;65;alexia94@example.com;16882.37;2021-06-15
62;Srta. Giovanna Vargas;65;sophieferreira@example.com;19059.69;2015-12-17
63;Bella Sampaio;19;ana-clara33@example.org;9836.41;2015-12-08
64;Davi Luiz Rezende;24;leticiacastro@example.net;6645.82;2020-07-17
65;Luan Nascimento;54;fgoncalves@example.net;8990.88;2014-08-29
66;Bernardo Vieira;38;lucas-gabriel30@example.org;4139.09;2024-02-12
67;Pedro Lucas Fonseca;50;pcamargo@example.org;18888.69;2014-01-12
68;Enzo Melo;60;maria-isis42@example.org;2198.16;2017-01-02
69;Srta. Hadassa Novais;62;laviniarios@example.com;10754.98;2024-05-09
70;Benicio Montenegro;21;tteixeira@example.org;19721.28;2015-01-12
71;Bernardo Macedo;50;luiz-otavio26@example.com;2235.5;2020-05-02
72;Ana Mendonça;53;luanasampaio@example.org;15609.12;2023-09-26
73;Breno Lima;53;felipeda-conceicao@example.com;14825.0;2013-05-24
74;Sr. Cauê Freitas;46;gael-henriquevieira@example.net;16482.75;2020-03-01
75;João Silva;31;monteiroryan@example.org;13970.61;2023-02-21
76;Srta. Ágatha Rocha;35;mariavieira@example.org;11897.44;2012-11-24
77;Melissa Casa Grande;36;ifonseca@example.com;10556.5;2014-06-24
78;Alexandre da Conceição;21;maria-vitoria60@example.org;13193.41;2024-03-03
79;Lunna Pereira;65;fernando47@example.net;10609.49;2018-09-05
80;Maria Liz Sousa;45;sofiajesus@example.com;7592.17;2017-02-23
81;Nathan Nascimento;43;sofiaabreu@example.net;10100.84;2016-05-06
82;Maya Rodrigues;44;faraujo@example.org;12155.89;2017-01-03
83;Nina Barros;30;sfogaca@example.net;18151.61;2023-11-15
84;Fernanda da Mata;42;maria-isisfarias@example.com;4117.5;2023-07-04
85;Dr. Thiago Macedo;22;esther46@example.org;1931.83;2012-10-29
86;Nathan Gomes;58;nicolesilva@example.net;17233.98;2020-10-04
87;Ana Siqueira;19;apolloaparecida@example.net;8042.8;2020-06-10
88;Alana Vargas;24;maria-ceciliada-costa@example.org;13117.25;2021-09-10
89;Felipe Moraes;21;danielalves@example.net;9748.67;2020-09-17
90;Felipe Santos;24;nmontenegro@example.net;3733.29;2021-04-10
91;Maya Martins;35;da-conceicaoelisa@example.net;10726.72;2012-04-23
92;Marcela Vargas;60;diego65@example.com;16664.84;2016-11-26
93;Bryan da Conceição;49;brenosilveira@example.net;12581.63;2019-11-29
94;Gael Santos;34;maria-lizsiqueira@example.org;5592.3;2015-09-29
95;Juan Oliveira;57;das-nevesvitor-hugo@example.com;12222.64;2022-06-10
96;Isabelly Moraes;28;liz73@example.net;1531.22;2021-08-31
97;Vinicius Cardoso;26;uporto@example.net;4043.39;2013-07-24
98;Benjamim Albuquerque;46;santosmaria-sophia@example.org;6742.21;2017-01-15
99;Emanuella Farias;38;britonicolas@example.net;10191.61;2023-11-09
100;João Pedro Castro;19;maria-lizleao@example.net;12868.47;2021-03-31
101;Benício Peixoto;24;jcirino@example.org;16890.92;2014-04-19
102;Dra. Melissa Teixeira;62;maria-eduarda75@example.com;6359.66;2024-06-04
103;Dra. Maria Isis Sampaio;25;pachecoana-cecilia@example.org;9139.08;2019-09-08
104;Beatriz Barbosa;42;davi-luccapinto@example.com;8384.14;2013-02-15
105;Calebe da Cruz;24;taparecida@example.com;8383.93;2012-04-21
106;Sr. Danilo Novaes;52;ana-liz72@example.net;5845.37;2019-11-12
107;Luana Lopes;57;camargoesther@example.com;15219.41;2020-03-26
108;Aurora Cardoso;25;vitor-gabrielrodrigues@example.org;18567.73;2023-09-04
109;Sr. Enzo Gabriel Sousa;28;ferreirahenry-gabriel@example.org;7791.68;2016-05-22
110;Gael Jesus;29;vinicius18@example.org;4794.4;2021-10-24
111;Enzo Gabriel Costela;35;da-costajose-pedro@example.com;7065.34;2017-04-29
112;Calebe Gonçalves;27;qazevedo@example.com;2119.01;2013-07-27
113;Isaque Andrade;51;maria-julia70@example.net;5301.06;2018-04-01
114;Marcela das Neves;42;felipeda-mata@example.org;12743.71;2022-03-29
115;Leandro Mendonça;20;isabel28@example.net;6942.59;2017-02-08
116;Anthony Dias;34;mendescarlos-eduardo@example.org;8449.84;2021-06-01
117;Alana Pastor;54;carolinepacheco@example.org;2712.23;2017-03-02
118;Dr. Diego da Cunha;65;bryanlopes@example.org;12467.77;2020-08-28
119;Arthur Miguel Câmara;52;saluiza@example.com;15788.45;2012-08-15
120;Arthur Gabriel Ribeiro;28;eloahnascimento@example.com;10190.03;2024-01-09
121;Yago Farias;42;maria-fernandafonseca@example.com;14068.39;2018-11-10
122;Maria Flor Oliveira;43;beniciomelo@example.com;4031.3;2013-04-11
123;Srta. Ana Jesus;32;diego25@example.net;12650.8;2013-03-20
124;Ana Vitória Vasconcelos;52;iabreu@example.org;1822.6;2019-05-17
125;Vitor Hugo Machado;37;qmendes@example.net;8777.51;2020-06-24
126;Dr. Henrique Moura;51;ribeirocecilia@example.com;19048.61;2022-02-26
127;Olivia Jesus;20;joao-felipe36@example.org;5873.58;2016-05-24
128;Vitor Gabriel Novais;28;vianaotto@example.org;6108.97;2016-04-29
129;Samuel Pinto;47;maria-luizapereira@example.net;7765.3;2016-06-16
130;Mariana Pires;31;ncavalcanti@example.com;18416.04;2015-11-20
131;Maria Isis Garcia;23;luiz-otavioteixeira@example.com;9388.9;2019-12-25
132;Bento Mendes;27;jsiqueira@example.com;16697.7;2012-10-21
133;Sr. Caleb da Conceição;58;fariaselisa@example.org;14430.76;2019-02-18
134;Cauã Cassiano;60;antonyda-rosa@example.net;11499.26;2022-01-14
135;Gael Cirino;36;tborges@example.com;2970.09;2012-07-16
136;Dr. Luiz Miguel Porto;28;erickmoura@example.org;19401.2;2021-12-04
137;Maria Montenegro;47;kamillylima@example.com;8720.02;2016-12-26
138;Marina Costa;57;laparecida@example.org;15734.95;2016-06-14
139;Valentina Guerra;57;lunagarcia@example.org;17263.15;2021-09-18
140;Maria Clara Cavalcanti;52;gustavo-henriqueoliveira@example.net;14199.93;2023-10-16
141;Bárbara Macedo;43;sabrinamontenegro@example.org;14506.29;2013-03-20
142;Dr. João Miguel Rodrigues;31;henry78@example.com;12630.85;2015-11-09
143;Erick Martins;53;barrosalexandre@example.com;13157.2;2022-01-09
144;Dr. Apollo Sousa;62;evelyn58@example.org;8209.87;2015-10-02
145;Lívia Mendonça;23;freitasolivia@example.org;3617.8;2019-06-11
146;Luara Montenegro;52;nascimentobarbara@example.org;7785.55;2016-05-02
147;Eduarda Azevedo;35;clariceguerra@example.com;2383.98;2016-05-22
148;Otávio Abreu;55;santosgabriel@example.org;15149.46;2016-04-01
149;Sr. Benício Fernandes;31;acampos@example.org;5316.57;2019-01-08
150;Dr. Nathan Borges;59;ypinto@example.net;15333.45;2014-11-09
151;Isadora Rios;58;luiz-felipeabreu@example.org;19602.69;2022-10-02
152;Bianca Martins;23;theo57@example.net;3518.25;2017-02-01
153;Isaque da Cunha;34;heitor19@example.org;15531.78;2022-04-01
154;Sr. Enzo Souza;44;arthur-gabriel78@example.net;5968.78;2023-03-28
155;Diogo da Rocha;59;enzo78@example.net;14628.2;2020-09-29
156;Lucas Gabriel Farias;42;ceciliarios@example.com;6596.49;2024-12-18
157;Pedro Miguel Câmara;65;zcosta@example.net;11890.52;2014-12-04
158;Henrique Dias;23;hsampaio@example.com;16592.91;2021-10-23
159;Oliver Cunha;28;xcirino@example.org;8418.69;2023-04-19
160;Ravi Lucca Moreira;56;rebeca23@example.com;17102.72;2014-07-03
161;Maria Vitória Aragão;41;beatriz73@example.org;14180.75;2017-11-23
162;Ana Beatriz Pires;20;fariasdavi-lucas@example.org;3300.69;2022-02-18
163;João Rios;19;souzaana-vitoria@example.org;14015.04;2016-06-01
164;Rafaela Gomes;51;martinsthiago@example.com;8821.05;2021-12-25
165;Melina Cavalcanti;19;qmoura@example.com;13389.82;2017-10-27
166;Vitória Machado;19;davi-luizcavalcanti@example.net;12040.71;2022-01-06
167;Kaique Machado;62;caroline39@example.org;3816.81;2022-08-22
168;Caleb Novais;26;kbrito@example.org;17194.91;2019-01-20
169;Allana Sousa;26;sophiefernandes@example.net;13587.17;2018-03-03
170;Ana Cecília Moreira;33;gsales@example.net;8870.03;2022-05-06
171;Mathias da Cunha;40;yjesus@example.net;1861.85;2018-08-15
172;Dante Rios;48;dda-mota@example.com;10423.21;2022-03-22
173;Manuella Andrade;18;agatha64@example.net;11880.22;2022-02-28
174;Yago Pereira;29;laurafonseca@example.org;8522.28;2015-08-28
175;Julia Almeida;48;vargashenry@example.com;14503.4;2014-07-26
176;Mathias Montenegro;43;snovais@example.net;7378.12;2019-12-02
177;Brayan Pimenta;31;martinsmaria-cecilia@example.net;14404.97;2018-11-11
178;Dra. Isabel Siqueira;30;juliacavalcanti@example.net;7447.73;2016-11-22
179;Raquel Aragão;30;pereirapedro@example.com;14726.85;2023-07-05
180;Antonella Casa Grande;22;fernandalima@example.com;18664.47;2019-06-24
181;Milena Barbosa;25;riosanthony-gabriel@example.org;8535.22;2012-10-07
182;Dra. Ana Vitória Fonseca;45;henry-gabrielporto@example.org;8630.7;2022-10-01
183;Larissa Monteiro;20;caio57@example.net;15671.88;2014-04-14
184;Luiz Miguel Machado;56;agathacamargo@example.net;13833.35;2023-09-10
185;Srta. Luna Rios;32;usa@example.net;10965.69;2017-04-19
186;Bruno Gonçalves;60;portolivia@example.com;16031.06;2024-05-26
187;Heitor Pinto;23;matteofreitas@example.com;17799.59;2023-05-07
188;Kevin Cardoso;44;correiadavi-lucca@example.com;4568.56;2015-01-13
189;Emanuelly Brito;29;plima@example.com;13784.34;2013-07-02
190;Dr. José Andrade;26;msantos@example.net;2342.53;2017-07-16
191;Ana Sophia Sales;26;qvieira@example.net;1618.61;2020-06-16
192;Lorena Moura;22;henrique90@example.com;12160.91;2014-03-27
193;Emanuel da Cunha;60;das-nevesvitor-hugo@example.net;14805.46;2013-04-14
194;Dr. Mathias Nascimento;35;sofiasales@example.org;17283.47;2016-04-06
195;Ana Julia Barbosa;46;mateusfernandes@example.com;9052.69;2020-05-14
196;Daniel Barbosa;24;britofernando@example.net;12664.5;2022-12-07
197;Alana da Conceição;37;ferreiradaniela@example.org;15822.64;2020-08-29
198;Eloá Borges;30;kalmeida@example.org;3324.83;2016-02-25
199;Mathias Moreira;35;lucasdias@example.org;2392.6;2023-10-24
200;Beatriz Sales;29;goncalvesnathan@example.org;2782.0;2020-05-23
201;Asafe da Rosa;38;trezende@example.com;3379.64;2014-01-18
202;Fernando Cunha;44;carolina41@example.org;11894.18;2022-11-03
203;Davi Lucca Nunes;63;yurida-cunha@example.org;10168.86;2021-07-01
204;Sra. Ana Julia Andrade;31;jose-pedrosilveira@example.org;15778.55;2012-10-19
205;Nathan Carvalho;50;eduardacirino@example.net;13979.57;2018-05-16
206;Bryan Porto;38;mariane13@example.com;11993.46;2017-08-12
207;Francisco Abreu;44;daragao@example.com;16921.64;2022-02-17
208;Bárbara Montenegro;22;nathanda-cruz@example.net;15905.63;2022-11-19
209;José Pinto;33;alexandrelopes@example.net;1892.77;2023-05-13
210;Dra. Alícia Borges;61;carolinapires@example.net;5887.11;2021-07-01
211;Maria Julia Santos;46;pintoantonella@example.org;6989.54;2020-08-19
212;Sr. Paulo Freitas;34;jpastor@example.net;18185.6;2017-08-12
213;José Aragão;28;jmoraes@example.net;19468.87;2023-12-30
214;Ravy da Luz;18;joao-vitor17@example.com;17481.51;2015-02-10
215;Dr. Luiz Henrique Fonseca;35;liviabrito@example.net;12632.64;2014-12-10
216;Esther Viana;32;machadomaria-liz@example.org;4522.71;2018-04-28
217;Bryan da Cruz;53;barrosmaria-flor@example.com;4544.13;2023-12-31
218;Beatriz da Rocha;48;lalmeida@example.org;19874.38;2016-02-16
219;Pedro da Conceição;30;cardosojoao-gabriel@example.net;9574.82;2017-02-15
220;Matteo Oliveira;25;anthony-gabriel07@example.net;8397.81;2022-01-30
221;Sra. Julia Moreira;48;fernandesjoao-vitor@example.net;6826.46;2021-09-20
222;Thales Silveira;31;luiza21@example.com;9317.04;2024-06-02
223;Rhavi Moraes;46;leandro92@example.com;13141.96;2022-11-20
224;Liam Novais;53;andreoliveira@example.org;12041.16;2021-10-05
225;Dra. Emanuelly Silva;39;heitordias@example.org;7960.07;2016-08-23
226;Bella Albuquerque;63;britojoaquim@example.org;10578.12;2021-01-16
227;Alana Cirino;31;kvasconcelos@example.net;19239.77;2021-01-09
228;Benicio da Cruz;25;peixotolaura@example.net;9553.11;2015-03-08
229;Luna Moraes;61;allanafonseca@example.com;1578.51;2020-06-01
230;Alícia da Cunha;46;da-cunhatheo@example.net;5301.54;2018-01-15
231;Isabelly Caldeira;23;henry96@example.org;17707.25;2012-06-15
232;Giovanna Abreu;32;alima@example.net;13969.94;2021-12-26
233;Enzo Moraes;61;kazevedo@example.net;9966.53;2019-02-25
234;Dra. Olívia Novais;32;maria-sophia84@example.com;13740.48;2014-09-29
235;Dra. Rafaela Abreu;46;luanabarbosa@example.com;13003.5;2013-02-20
236;Srta. Manuella Vargas;30;sarah29@example.net;9816.81;2017-01-14
237;Sr. Antony Moreira;53;yrodrigues@example.net;1684.41;2014-07-16
238;Olívia Barbosa;20;pereiraaurora@example.com;15607.95;2019-06-18
239;Caroline Nunes;46;leticia79@example.com;2076.1;2018-01-30
240;Yasmin Lopes;57;edias@example.org;7405.62;2015-02-10
241;Stella Vasconcelos;60;arthurda-luz@example.com;7126.91;2015-11-06
242;Otávio Novais;55;brendamontenegro@example.org;11429.47;2023-05-23
243;Isis Albuquerque;42;julialeao@example.org;13054.24;2015-02-02
244;Esther Lima;51;liamsouza@example.com;9076.33;2013-12-31
245;Sr. Isaac Teixeira;52;castrofrancisco@example.com;3773.45;2017-03-28
246;Alice Brito;60;caua00@example.org;17328.44;2018-05-04
247;Gabriela Mendonça;59;rda-rosa@example.org;4937.11;2021-09-14
248;Luna Borges;45;alexandre58@example.com;12828.21;2016-10-19
249;Pietro Borges;30;tborges@example.net;16222.13;2019-08-01
250;Yasmin Caldeira;57;maria-fernanda42@example.org;18670.17;2015-09-28
251;Valentim Pacheco;26;sda-conceicao@example.com;11632.23;2017-12-22
252;Samuel Silva;55;kpastor@example.org;2942.15;2023-02-15
253;Pedro Guerra;49;araujokevin@example.com;9716.76;2016-03-11
254;Yago Teixeira;36;rcamara@example.com;5158.9;2013-05-31
255;Enzo Almeida;47;bmontenegro@example.org;9569.44;2025-02-02
256;Pedro Rocha;38;qnovais@example.com;10820.14;2013-06-12
257;Milena Machado;30;sophiecamara@example.com;18919.32;2013-01-09
258;Sra. Anna Liz das Neves;39;souzadiogo@example.net;18921.4;2021-07-15
259;Maya Ramos;46;maria-claracostela@example.com;19806.31;2013-03-11
260;Luna Freitas;49;ana-luiza18@example.org;2158.74;2013-10-02
261;Srta. Manuela Cavalcante;27;caldeiraluana@example.org;7939.76;2016-10-13
262;Sophie Pires;26;renan60@example.org;2943.53;2013-12-16
263;Giovanna Melo;48;pda-paz@example.net;15320.54;2016-01-31
264;Joaquim Rios;57;antonella40@example.org;10938.47;2017-08-23
265;Zoe Pinto;65;diogoda-conceicao@example.org;13888.43;2014-07-22
266;Sophia Pimenta;19;alanada-rocha@example.com;11707.66;2014-06-26
267;Emanuel Sousa;53;portosophia@example.net;17211.18;2022-03-19
268;Danilo Moura;64;heitorpinto@example.org;8380.31;2015-01-25
269;Benício Andrade;29;da-motajoao-miguel@example.com;10748.76;2023-10-10
270;Ana Laura Martins;25;enzo-gabrielalbuquerque@example.org;12575.8;2014-05-26
271;Rafael Macedo;47;yferreira@example.org;8911.06;2013-12-13
272;Arthur Miguel Guerra;29;wfonseca@example.net;5111.34;2017-09-11
273;Maria Luísa Moreira;63;camaranoah@example.org;16861.47;2022-05-17
274;Ana Beatriz Pires;48;lucascaldeira@example.org;9405.95;2021-01-08
275;Helena Mendonça;24;luna34@example.com;2337.98;2023-08-25
276;Lorena Azevedo;24;oliveirajulia@example.net;13878.86;2013-05-17
277;Dra. Ísis Azevedo;53;fernandesjoao-vitor@example.net;7638.54;2015-06-25
278;Arthur Gabriel Machado;42;nascimentoleandro@example.org;19367.96;2015-09-26
279;Fernando Pacheco;65;piresanthony@example.org;2293.61;2016-06-03
280;Calebe Sá;34;heloisa45@example.org;4807.8;2014-12-03
281;Diogo da Luz;25;luiz-henriqueda-conceicao@example.com;16619.29;2021-07-17
282;Mirella Almeida;56;rafaela92@example.net;12575.52;2022-10-27
283;Maria Alice Vasconcelos;49;zpastor@example.org;15448.18;2016-09-04
284;Letícia Fernandes;36;luiza95@example.com;14554.02;2017-11-19
285;Catarina Silveira;52;novaisjoao-miguel@example.net;3100.05;2019-07-26
286;Léo Cardoso;41;santosluiz-fernando@example.com;6329.66;2017-04-24
287;Raul Rocha;62;zcavalcanti@example.org;7494.84;2016-09-26
288;Luigi da Rosa;23;sophia70@example.com;8608.59;2012-09-12
289;Isis Duarte;47;nascimentoallana@example.com;2161.37;2021-12-30
290;Ana Julia Borges;50;siqueirahadassa@example.org;13456.23;2023-02-28
291;Cauê da Rosa;63;maria-fernanda72@example.com;9341.61;2022-09-13
292;Gael Henrique Mendonça;44;heloisamoura@example.net;7639.39;2017-10-31
293;João Lucas Rocha;53;apeixoto@example.org;6599.18;2021-12-31
294;Stella Barbosa;57;brayan99@example.net;19154.71;2022-09-17
295;Marcelo Dias;28;abreuisabel@example.org;15684.0;2024-01-03
296;Alexia Gonçalves;20;emanuel18@example.net;7656.67;2017-01-17
297;Vinicius Machado;22;framos@example.net;2583.4;2021-01-09
298;Otto Marques;56;maria-luiza28@example.net;12892.77;2022-08-31
299;Luiz Fernando Cardoso;50;bda-rosa@example.org;7149.74;2023-03-26
300;Lívia Cunha;22;emillyferreira@example.net;11709.36;2022-12-31
301;Ana Luiza da Conceição;58;vinicius66@example.net;9848.26;2018-01-25
302;Camila Rios;21;gabriel85@example.com;17672.29;2018-12-06
303;Francisco Brito;29;thiago11@example.com;16764.54;2016-04-08
304;Henrique Nogueira;60;cdas-neves@example.com;8009.88;2019-12-24
305;Maria Vitória Abreu;19;ravimontenegro@example.net;12441.04;2018-02-26
306;Olivia da Costa;31;aragaobenicio@example.com;5620.83;2021-11-24
307;Juan das Neves;55;eloa96@example.org;7424.85;2019-01-19
308;Juan Aparecida;21;melissacirino@example.org;10667.28;2020-03-18
309;Ana Liz Alves;60;silveiradom@example.com;13983.98;2022-04-05
310;Isabel Rezende;21;viananoah@example.org;16361.68;2019-08-07
311;Natália Caldeira;19;santosbella@example.org;14937.52;2024-08-27
312;Sr. João Miguel Cavalcante;37;gcampos@example.org;6148.43;2015-03-16
313;Ana Cecília Nunes;65;unovaes@example.org;2402.07;2023-06-27
314;Calebe Farias;52;vitormontenegro@example.net;4515.44;2019-07-16
315;Gustavo da Cruz;28;yda-rosa@example.com;15856.79;2021-03-17
316;Arthur Miguel Santos;51;luizadias@example.net;14862.91;2020-09-05
317;Léo Câmara;50;gabrielabrito@example.com;3297.28;2019-10-18
318;Clara Azevedo;42;jesusisabela@example.org;18521.12;2022-04-12
319;Dr. Arthur Gabriel Marques;51;machadoluiz-felipe@example.org;8606.74;2022-08-13
320;Murilo Aparecida;18;lazevedo@example.org;8908.71;2019-02-22
321;Amanda da Costa;63;jribeiro@example.net;19475.61;2012-07-26
322;Mariane Barros;30;cavalcantiigor@example.org;19759.92;2021-09-27
323;Lorena Farias;47;camilaabreu@example.org;6769.66;2019-05-16
324;Natália Mendes;41;caldeirabenicio@example.org;19769.94;2016-01-18
325;Maya Gonçalves;43;heloisa12@example.net;12953.86;2017-08-02
326;Ravi Lucca Abreu;48;yteixeira@example.org;14242.35;2024-09-13
327;Srta. Maria Isis Rodrigues;51;duarteluigi@example.com;13282.54;2013-02-03
328;Luan Almeida;63;cvieira@example.net;10731.69;2022-12-01
329;Ana Vitória Albuquerque;33;thiago40@example.com;4224.31;2017-07-21
330;Sr. Heitor Ribeiro;22;vitorda-conceicao@example.com;9222.61;2015-06-15
331;Sra. Liz Azevedo;19;kgarcia@example.net;2354.78;2013-12-17
332;Marcela Ribeiro;47;estherduarte@example.com;19207.51;2018-09-22
333;Isabella Machado;59;andradeana-livia@example.net;13691.09;2013-12-18
334;Kamilly Campos;37;lcasa-grande@example.org;4679.57;2014-08-29
335;Mateus Guerra;38;xnascimento@example.com;3782.83;2023-11-13
336;Olívia Monteiro;50;jade58@example.net;14546.52;2014-03-15
337;Arthur Gabriel Jesus;53;wandrade@example.com;4735.36;2017-10-06
338;Felipe Gonçalves;34;marquesaurora@example.net;1798.64;2024-06-30
339;Sr. Enrico Vasconcelos;38;ana-juliamelo@example.com;16379.67;2015-08-13
340;Theodoro da Cruz;65;matheus95@example.net;13006.45;2019-06-09
341;Sra. Emanuella Silva;58;rnunes@example.org;2088.69;2019-06-13
342;Sr. Oliver Abreu;51;henry46@example.org;6721.43;2022-10-22
343;Vinícius Aparecida;58;joao-gabrielcaldeira@example.com;10628.5;2020-11-26
344;Davi Pacheco;28;erios@example.net;14287.54;2023-12-07
345;Valentim Melo;60;dgomes@example.com;17871.22;2014-05-08
346;Luigi Lopes;38;duartemaria-helena@example.org;18471.68;2022-06-08
347;Maria Flor da Paz;61;maria-clarateixeira@example.net;8029.32;2023-11-11
348;Laís Viana;58;jsouza@example.com;13583.38;2023-08-06
349;Isabela Novaes;55;britocamila@example.com;16833.93;2019-04-14
350;Apollo Sá;48;freitasagatha@example.org;16000.64;2012-09-09
351;Heitor da Costa;23;joao-vitorcardoso@example.net;14201.5;2019-08-11
352;Dr. Mateus Duarte;52;silvafernando@example.com;14464.23;2014-04-14
353;Sra. Jade Mendonça;32;lavinia24@example.net;14120.42;2013-05-22
354;Sara Sá;46;luiza74@example.net;7395.3;2022-05-16
355;Brayan Alves;63;nogueiramatteo@example.net;7758.64;2018-08-23
356;Olivia Montenegro;25;imoreira@example.org;10949.22;2022-09-09
357;Maria Júlia Montenegro;33;vieiraerick@example.org;16175.61;2023-10-31
358;Lavínia Vargas;40;bryan59@example.com;12024.17;2019-11-23
359;Raquel Sá;19;enzo-gabrielmendes@example.org;15557.82;2021-04-29
360;Dr. Davi Lucas Machado;23;nsantos@example.org;11030.02;2020-12-12
361;Sr. Thiago Ribeiro;44;luiz-henriquemacedo@example.net;11226.9;2016-08-15
362;Raul Nunes;42;amanda25@example.net;6151.69;2023-01-25
363;Matheus Leão;41;juanjesus@example.com;5677.63;2017-11-26
364;Antonella Sampaio;33;isabellymelo@example.org;2431.1;2016-01-28
365;Noah Casa Grande;24;aragaojoao-pedro@example.net;6031.15;2021-07-24
366;Srta. Bianca Abreu;23;britolavinia@example.org;14779.75;2014-07-01
367;João Vitor da Conceição;23;novaesgabriel@example.com;4659.27;2020-09-23
368;Srta. Giovanna Pires;54;santosrebeca@example.com;10700.47;2019-04-29
369;Dom Silveira;60;zda-rocha@example.org;3617.57;2023-03-16
370;Rafaela Cardoso;51;clara81@example.net;15563.02;2022-04-26
371;Luigi Aragão;25;gda-mota@example.com;17288.01;2016-01-26
372;Caroline Ribeiro;51;oaparecida@example.net;2808.95;2018-09-06
373;Luara da Cunha;42;luiz-otavio12@example.org;9891.99;2012-02-29
374;Srta. Isabel Nascimento;19;marianamendes@example.net;18834.11;2024-07-10
375;Bruna Fogaça;51;da-matavinicius@example.net;3975.03;2014-10-29
376;Joana Macedo;23;hmarques@example.net;19607.7;2015-10-27
377;Davi Lucas Araújo;41;yuri45@example.com;12174.26;2019-09-25
378;Ana Sampaio;62;rochadiogo@example.org;5830.14;2023-04-13
379;Sra. Ana Sophia Porto;33;laisfonseca@example.net;18027.74;2013-05-23
380;Manuella Aparecida;43;jose-pedroduarte@example.org;7952.99;2014-02-22
381;Ana Liz Pimenta;46;dfonseca@example.net;17993.95;2016-11-10
382;Henry Gabriel Barros;21;da-motayago@example.net;4661.01;2018-10-15
383;Renan Leão;45;bmarques@example.org;15791.25;2023-03-15
384;Julia Ferreira;47;grodrigues@example.com;6803.03;2013-01-18
385;Cauã Gonçalves;19;monteirootto@example.com;10957.64;2020-06-09
386;Isabella Barros;21;odias@example.com;11365.4;2013-11-20
387;Maitê Nascimento;27;moreiraisabella@example.org;6938.5;2016-06-26
388;Oliver Pires;44;mazevedo@example.com;16167.48;2016-12-22
389;Sr. Davi Lucas Aragão;60;rrezende@example.net;2395.52;2013-10-14
390;Ana Lívia Moraes;58;moreirajose-pedro@example.com;2455.19;2023-08-16
391;Melina Montenegro;35;fabreu@example.net;1607.31;2014-10-30
392;Diogo Pires;21;leandro05@example.com;9661.33;2023-04-13
393;Leonardo Barros;41;nmendonca@example.org;5775.47;2019-03-14
394;Sr. Luigi da Costa;21;lorenada-cunha@example.com;17384.71;2014-11-30
395;Zoe Macedo;18;rochadavi@example.org;1747.12;2020-06-02
396;João Lucas Porto;48;santosemilly@example.net;13781.31;2023-06-06
397;Dr. Bruno Ferreira;21;luiza67@example.com;12128.6;2016-10-27
398;Antônio Rocha;42;costaisabella@example.com;12970.35;2021-05-16
399;Ester Freitas;24;erick30@example.net;14114.34;2015-03-14
400;Vitor Hugo Viana;30;matteo76@example.net;13984.25;2020-08-24
401;Ester Pires;58;luiz-gustavoda-mata@example.net;6660.21;2016-01-15
402;Maria Laura Abreu;54;duartefrancisco@example.com;6214.85;2012-11-18
403;Liz Cassiano;39;theo08@example.org;11006.27;2014-05-02
404;Liz Castro;52;da-motabeatriz@example.com;14048.33;2019-05-20
405;Isaque Almeida;52;barbararodrigues@example.com;6639.25;2015-12-04
406;Alícia Guerra;30;eduarda19@example.com;14597.47;2019-03-07
407;Dr. Henrique Campos;35;jmartins@example.org;17501.56;2021-02-02
408;Henry Albuquerque;33;rebecapeixoto@example.net;8665.8;2019-06-05
409;Dr. Henry Gabriel Casa Grande;28;caueoliveira@example.org;14457.05;2020-03-26
410;Emanuelly Araújo;54;murilosa@example.com;10966.57;2018-03-12
411;Eduardo Souza;40;costasara@example.net;5689.9;2014-04-18
412;Théo Vasconcelos;26;daniel49@example.com;10781.46;2013-10-12
413;Francisco Duarte;54;pachecorafaela@example.net;8430.32;2019-12-20
414;Davi Novais;21;mathias09@example.net;17275.07;2022-06-25
415;Sra. Marina Monteiro;62;taraujo@example.net;13554.71;2021-07-21
416;Giovanna da Cruz;32;julia36@example.org;6070.56;2021-06-23
417;Dr. Francisco Andrade;56;jose-miguelfernandes@example.com;13644.68;2021-05-30
418;João Guilherme Pinto;19;maria-lizda-mata@example.net;9656.98;2024-07-24
419;Anthony Gabriel Oliveira;42;camargomaria-isis@example.org;15634.59;2017-10-09
420;Bruna Sampaio;61;viniciusrocha@example.org;14745.02;2019-05-19
421;Dr. Joaquim Rios;34;brayanmartins@example.net;9301.2;2023-04-21
422;Ester Sampaio;38;beatriz11@example.net;3269.25;2017-06-26
423;Srta. Fernanda Moreira;53;joao-vitor73@example.net;10875.29;2013-11-15
424;Dr. Miguel Dias;32;leandromendes@example.com;5788.26;2024-05-28
425;Isaac Ferreira;65;caionovais@example.org;5555.18;2017-04-18
426;Carlos Eduardo Monteiro;52;nathansampaio@example.org;17555.46;2017-02-04
427;Emilly Pimenta;64;da-conceicaojose-pedro@example.com;14414.04;2024-12-21
428;Sr. Cauã Macedo;35;bpastor@example.net;19264.0;2021-01-31
429;Thales Sampaio;50;bcaldeira@example.com;18283.55;2020-10-07
430;Maria Flor Silva;58;thiagocaldeira@example.org;6338.71;2022-06-28
431;Emilly Caldeira;57;maria-helena44@example.net;2165.17;2012-02-29
432;Yuri Macedo;25;ana58@example.org;10758.94;2024-11-22
433;Dr. Luiz Henrique Costa;39;raquel52@example.net;10649.82;2021-06-28
434;Carlos Eduardo Teixeira;58;vianaravy@example.org;8690.51;2019-08-06
435;Lorena Ramos;42;qcavalcante@example.com;14551.29;2021-09-17
436;Anthony Aragão;60;amandamoreira@example.net;15242.58;2022-10-23
437;Laís Lima;39;nmarques@example.net;8566.13;2021-12-16
438;Clarice da Mata;62;kvasconcelos@example.com;6757.4;2021-06-15
439;Jade Mendonça;44;tnunes@example.org;19509.95;2023-09-06
440;Dr. Bernardo Casa Grande;31;milenacastro@example.org;5717.69;2018-07-30
441;Brenda Duarte;48;nascimentoisis@example.com;4937.46;2015-12-08
442;Nathan Costela;23;melina90@example.net;10805.1;2018-03-24
443;Kaique Farias;57;trocha@example.com;18365.82;2017-09-23
444;Rebeca da Mota;36;mirellasouza@example.org;16091.31;2017-02-08
445;Maria Sophia Azevedo;18;heitorpacheco@example.net;4948.9;2015-08-06
446;André Dias;20;moreiraantonella@example.net;13352.8;2013-05-29
447;Sr. Luiz Gustavo Barros;37;oliveiramaria-eduarda@example.com;11972.08;2014-02-09
448;Davi Luiz Almeida;41;goncalvespaulo@example.com;1768.52;2017-06-13
449;Asafe Silva;33;maria-luisa85@example.org;13060.23;2014-05-29
450;Srta. Ana Laura Silveira;25;upires@example.com;3116.72;2015-01-15
451;Leonardo Guerra;35;barbaranogueira@example.net;12688.64;2021-03-21
452;Gabriela Siqueira;41;ana-clara66@example.com;13881.94;2019-03-13
453;Thomas Andrade;64;evelynmoraes@example.org;5849.52;2020-02-01
454;João Pedro Machado;35;xnascimento@example.net;17843.95;2021-08-24
455;Brayan Montenegro;34;pedro-lucasda-costa@example.org;12169.32;2013-11-17
456;Dr. Luiz Miguel Novais;65;da-rochaalicia@example.com;13406.01;2015-08-20
457;Caleb Casa Grande;62;smoreira@example.org;6152.3;2024-05-15
458;Marina Azevedo;28;mariana75@example.org;7283.43;2018-01-10
459;Lucas Gabriel Fonseca;19;marquesalexandre@example.org;13851.45;2019-05-19
460;Josué Santos;50;ppires@example.net;9572.46;2024-08-11
461;Luiz Otávio Fernandes;43;valentinafernandes@example.net;18203.34;2012-06-08
462;Vitória Mendes;51;pcamara@example.net;14061.49;2014-02-24
463;Dr. Paulo Cavalcanti;63;kabreu@example.org;5363.65;2019-01-29
464;Sr. Lucca da Rocha;42;vcostela@example.org;1602.24;2023-04-14
465;Alice Lopes;26;daniela20@example.net;13611.18;2012-09-01
466;Ana Clara Novais;21;mpastor@example.com;15478.9;2019-01-31
467;Rafael Duarte;28;da-rochaantonio@example.org;15993.31;2012-06-28
468;Agatha Farias;58;ggarcia@example.net;6974.83;2022-09-14
469;Antony Montenegro;46;barrospedro-lucas@example.org;14796.16;2013-11-06
470;Guilherme Pires;50;earagao@example.com;3622.37;2023-11-20
471;Ana Beatriz Machado;26;emanuel79@example.org;17604.1;2020-06-29
472;Laura Farias;43;bcardoso@example.com;12264.52;2019-06-06
473;Fernando Mendes;56;gustavo-henriquebrito@example.net;3474.89;2024-02-07
474;Sr. Juan da Mata;43;eduardopeixoto@example.org;8904.82;2023-09-15
475;Alexia Rios;41;gabriel96@example.org;12888.58;2018-07-20
476;Bella Sousa;56;ucardoso@example.org;18340.74;2018-08-10
477;Davi Lucca Moura;52;ramosmateus@example.org;18171.43;2016-06-01
478;Larissa Sousa;24;julianacamargo@example.org;4359.2;2021-01-13
479;Thomas Sousa;43;vasconcelosluiz-henrique@example.org;12547.44;2012-08-28
480;Bella da Rocha;59;camargosara@example.com;4532.5;2020-01-08
481;Yuri Cunha;48;marinafarias@example.org;5724.12;2014-01-27
482;Luara Novais;26;peixotoapollo@example.net;9010.9;2018-11-14
483;Aylla Sá;25;cunhalais@example.org;10420.01;2015-03-12
484;Dr. Breno Almeida;30;mdias@example.org;18283.47;2022-11-09
485;Catarina Sales;62;ana-liz27@example.com;18013.23;2022-07-18
486;Mariana Moraes;64;vmoraes@example.org;6262.36;2023-05-04
487;Dr. Enrico Camargo;32;maysamoreira@example.net;14713.14;2022-04-13
488;Léo Barbosa;54;ana-sophia97@example.com;13598.39;2020-01-31
489;Ana Vitória Garcia;60;heloisaleao@example.net;2087.62;2015-02-19
490;Pietra Santos;37;rodriguesbrenda@example.net;6153.4;2018-10-28
491;Ayla Santos;37;ccampos@example.net;11983.37;2018-09-03
492;Vitor Hugo Azevedo;33;isabellyda-cunha@example.com;4147.98;2016-11-10
493;Benicio Alves;52;antonyda-costa@example.net;7182.07;2020-12-14
494;Ágatha Oliveira;55;ramosalicia@example.com;11755.25;2013-09-30
495;Ana Carolina Peixoto;26;bcarvalho@example.net;7104.56;2022-07-09
496;João Vitor Aragão;41;leandroribeiro@example.org;10085.28;2013-08-04
497;Raul Monteiro;58;carolinasa@example.org;12744.96;2015-01-11
498;Dr. Pedro Lucas Andrade;29;maiteduarte@example.com;9435.01;2019-07-16
499;Théo Rodrigues;24;imartins@example.org;10385.95;2021-09-01
500;Manuela Brito;19;ecavalcanti@example.net;9026.32;2020-02-12
501;Léo Nogueira;49;raul03@example.com;7235.19;2024-06-14
502;Sabrina Fernandes;22;sophiecirino@example.net;10144.38;2017-04-14
503;Hellena Siqueira;30;egomes@example.org;10511.7;2020-09-18
504;Ágatha Silveira;29;daniloborges@example.org;19830.21;2012-12-19
505;Ana Cecília Freitas;36;das-nevesbenjamim@example.com;18209.65;2018-03-22
506;Dr. Bryan Porto;58;melohenrique@example.org;19278.25;2024-03-04
507;Ian Mendonça;45;kmachado@example.com;12998.03;2018-01-18
508;Cauê Lima;24;bellagarcia@example.com;14696.89;2013-07-07
509;Vitor Gabriel da Conceição;29;irios@example.org;11335.49;2013-01-22
510;Pedro Costela;33;acunha@example.org;10279.99;2012-06-13
511;Davi Costela;50;eborges@example.org;18121.19;2024-07-07
512;Anna Liz Costela;46;ada-rosa@example.net;19389.09;2022-12-12
513;Ravy Porto;57;vnovaes@example.net;10506.68;2021-02-02
514;Maria Cassiano;60;ycaldeira@example.net;15966.75;2019-06-19
515;Cauê Moreira;29;tda-rocha@example.org;13020.19;2019-10-21
516;Maitê Fogaça;53;dante57@example.com;5170.65;2019-09-29
517;Cauã Teixeira;57;lopesmelina@example.org;8672.07;2017-12-26
518;Sr. Nathan Duarte;38;hcarvalho@example.com;18354.11;2018-03-02
519;Luiz Gustavo Ramos;37;laraujo@example.net;17497.95;2016-10-02
520;Maria Liz Lopes;38;gpereira@example.com;18424.81;2019-11-04
521;Luísa Rios;50;leonardoazevedo@example.net;15852.74;2018-05-18
522;Yasmin Farias;52;enzo-gabrielpacheco@example.net;9373.14;2020-12-19
523;Davi Miguel Pires;39;jsiqueira@example.net;13429.25;2013-04-17
524;Enzo Gabriel Viana;35;azevedonoah@example.org;19912.67;2019-06-12
525;Anthony Correia;25;pereiraluisa@example.net;5858.08;2018-04-22
526;João Guilherme Sampaio;60;ramosbarbara@example.org;13382.81;2012-03-29
527;Heloisa Montenegro;24;tbarros@example.com;16695.96;2020-09-13
528;Bryan Mendes;32;alicesampaio@example.org;5753.23;2022-02-06
529;Sr. Daniel Correia;48;andradejoao-pedro@example.org;5087.3;2019-12-18
530;Gael Henrique Moraes;55;vasconcelosvitor@example.org;19733.4;2019-02-09
531;Otávio Pires;35;helena65@example.net;9597.63;2019-01-03
532;Juliana Lima;47;ana-liviavieira@example.org;6411.13;2018-05-17
533;Manuella Marques;23;ada-luz@example.com;11652.12;2013-07-17
534;Helena Moraes;51;luisa29@example.net;16172.54;2015-06-06
535;Ana Cecília Gonçalves;34;caldeiraolivia@example.com;4957.84;2014-05-14
536;Miguel Novais;20;rodriguesmaria-fernanda@example.com;17937.18;2014-03-09
537;Nathan Abreu;26;pietra63@example.org;15309.71;2020-06-03
538;Maria Eduarda Siqueira;28;odas-neves@example.org;19020.88;2023-03-23
539;Francisco Novais;42;vda-cunha@example.com;18609.22;2020-03-05
540;Maria Helena Freitas;56;kamillycardoso@example.net;17550.05;2014-11-24
541;João Pedro Monteiro;59;siqueiracaio@example.com;6908.49;2023-12-02
542;Allana Cunha;22;haragao@example.org;16892.92;2022-06-24
543;Dr. Luiz Miguel Novais;50;eloafogaca@example.net;18330.62;2024-01-15
544;Lavínia Cassiano;28;freitasluna@example.com;17686.81;2015-05-09
545;Natália Pinto;34;rochahadassa@example.com;2078.59;2017-07-02
546;Gael Henrique Freitas;22;fariaspedro-lucas@example.org;10010.05;2013-03-09
547;Breno Siqueira;18;emanuellyferreira@example.net;13078.75;2016-10-05
548;Diego Silveira;36;aliceda-luz@example.org;15981.54;2015-02-25
549;Luísa Gonçalves;38;vasconcelosjose-miguel@example.com;3514.79;2024-11-17
550;Clara Jesus;31;da-cunhafernanda@example.org;17807.39;2013-05-06
551;Sra. Maria Júlia Leão;40;carvalhojoaquim@example.com;1811.25;2024-07-23
552;Erick Martins;19;pastorlara@example.org;18296.27;2018-04-22
553;Ana Vitória Mendes;24;marcelo95@example.com;15676.54;2024-03-25
554;Rebeca Lopes;32;xmonteiro@example.org;7463.73;2015-10-15
555;Benício Pereira;47;marcelo45@example.net;8255.94;2018-09-28
556;Júlia da Paz;37;da-mataisabel@example.com;12180.92;2016-07-15
557;Manuela da Luz;59;albuquerquemanuella@example.org;6917.06;2017-04-18
558;Mariah Pires;62;henryda-mota@example.net;3824.58;2017-05-07
559;Nicolas Marques;29;nathanda-luz@example.org;19199.24;2018-06-25
560;Benício Rodrigues;26;icosta@example.org;10801.17;2018-03-09
561;Julia Brito;55;nda-conceicao@example.org;10436.11;2024-04-06
562;Yago Machado;33;azevedoana-julia@example.net;15604.77;2019-01-28
563;Sr. João Guilherme Leão;44;ana-vitoria28@example.net;9782.13;2016-09-21
564;Yuri Ramos;23;caio17@example.org;12534.04;2018-06-27
565;Ana Liz das Neves;41;agatha68@example.net;7055.27;2022-04-19
566;Marcos Vinicius Pinto;32;rodrigocardoso@example.org;10296.53;2022-02-26
567;Clarice Pastor;46;slima@example.org;9808.89;2024-03-03
568;Bella Lima;37;marina66@example.org;8089.83;2024-12-05
569;Ágatha Dias;63;jgoncalves@example.com;15413.08;2021-01-10
570;Maria Camargo;39;ifogaca@example.com;12225.8;2018-01-27
571;Marina Duarte;47;oliveiramaria-luiza@example.net;8272.41;2023-08-25
572;Lucca Sousa;35;hviana@example.com;3915.58;2018-08-25
573;Ana Clara Mendes;25;piresyasmin@example.net;15350.54;2019-08-20
574;Sr. Luan Cirino;43;esthermelo@example.org;8841.65;2021-12-05
575;Emanuella Gonçalves;32;mrocha@example.org;2432.74;2012-11-03
576;Sra. Luísa da Luz;57;benjaminmelo@example.net;1860.96;2020-08-29
577;Mariah Correia;33;maria-clara24@example.com;18330.9;2025-01-25
578;Yuri Ferreira;26;fogacaana-liz@example.org;4112.35;2012-12-04
579;Esther Fogaça;50;hlopes@example.net;12121.07;2014-09-16
580;Dr. José Miguel Farias;26;pedro-henriqueoliveira@example.net;16566.94;2016-12-07
581;Bento Sampaio;27;aabreu@example.net;17018.38;2015-08-10
582;José Pedro Fogaça;28;guilherme51@example.com;6732.05;2013-07-12
583;Eduarda Campos;60;castrojoaquim@example.com;12279.85;2016-09-27
584;Davi Costela;58;souzaandre@example.net;19962.88;2014-10-17
585;Ana Clara Vasconcelos;52;olivia60@example.org;11190.68;2023-12-20
586;Maria Cecília Casa Grande;51;davi-lucas27@example.com;6343.83;2017-11-16
587;Thomas Alves;51;tmendes@example.com;4720.75;2023-12-26
588;Luiz Felipe Pinto;51;jaraujo@example.com;4656.71;2020-06-17
589;Theodoro Pereira;53;souzaester@example.net;13824.76;2023-10-20
590;Lucas Gabriel Cassiano;36;cassianoerick@example.org;10184.41;2012-03-23
591;Cauã Montenegro;18;amachado@example.com;18157.73;2021-05-17
592;Srta. Manuella Teixeira;61;erick61@example.net;10934.71;2018-01-07
593;Ian Moraes;48;mouraluigi@example.org;4737.48;2018-02-11
594;Ana Clara Novaes;53;krios@example.com;15861.07;2018-11-08
595;Bruno Pereira;65;ryanpires@example.com;10862.92;2017-09-14
596;Davi Miguel Sousa;61;macedoana-laura@example.org;11583.47;2017-06-12
597;Thomas Machado;28;isabel80@example.org;10851.35;2023-09-29
598;Davi Miguel Porto;48;milenabarros@example.org;12548.24;2018-06-23
599;Zoe Rodrigues;23;luigi12@example.com;17796.73;2013-04-26
600;Anthony Mendonça;30;ccasa-grande@example.com;15989.1;2024-08-28
601;Luiz Gustavo Peixoto;54;ester24@example.com;13854.25;2025-02-03
602;Benjamin Barbosa;27;ramosrenan@example.net;12093.87;2014-02-18
603;Maria Luísa Porto;48;benicioferreira@example.com;10549.81;2018-10-05
604;Antonella Almeida;20;lucas-gabriel27@example.net;11354.31;2015-02-07
605;Paulo Barbosa;64;eda-cruz@example.com;16984.54;2021-03-14
606;Julia Gomes;36;henry61@example.net;19361.33;2020-02-10
607;Mateus Pereira;40;zmontenegro@example.net;4968.73;2019-01-19
608;Ana Julia Gonçalves;46;mathiasmelo@example.org;19682.26;2015-08-26
609;Erick da Rosa;29;pereiraravy@example.org;16643.89;2016-06-10
610;Liz Rezende;26;allanada-cunha@example.org;19038.83;2023-12-30
611;Sra. Maria Jesus;63;luiz-otavio95@example.net;18924.72;2016-01-18
612;Theodoro Gonçalves;46;da-pazmatteo@example.com;16967.58;2023-10-14
613;Bella Cardoso;37;lopesnoah@example.net;4052.87;2016-11-09
614;Emanuel Sales;23;bella00@example.com;5987.36;2013-01-22
615;Ana Carolina da Rosa;43;murilo26@example.com;16053.37;2019-06-27
616;Dra. Marcela Nogueira;20;mazevedo@example.com;6211.87;2018-08-31
617;Kaique da Costa;57;luara96@example.net;3420.61;2018-07-03
618;João Vargas;29;heloisa52@example.net;9388.63;2013-04-19
619;Apollo Vargas;28;catarina87@example.net;8982.35;2022-05-27
620;José Pedro da Mota;35;duarteelisa@example.org;10019.8;2018-09-24
621;Vitor Hugo Nascimento;42;isabelalmeida@example.net;19399.23;2019-05-08
622;Mariana Cunha;59;luarasousa@example.net;6664.22;2020-08-13
623;Bruna Andrade;49;carvalhomaria-flor@example.net;1929.6;2022-01-19
624;Sra. Emilly da Mota;32;paulocardoso@example.org;2843.39;2014-11-04
625;Bryan Moreira;63;rebecasampaio@example.com;14302.51;2012-11-10
626;Carlos Eduardo Jesus;39;wvasconcelos@example.net;13807.38;2016-09-05
627;Brayan Pereira;53;jcassiano@example.org;12460.91;2018-01-09
628;Theo Pimenta;43;olivia00@example.org;1649.3;2013-06-13
629;Augusto Ramos;23;lucas80@example.net;5645.98;2020-01-19
630;Evelyn Costela;63;cavalcantienzo@example.com;18729.52;2019-11-29
631;Valentina Souza;60;hellenapereira@example.org;2858.78;2012-06-15
632;Valentim Garcia;59;kamilly34@example.com;4674.96;2012-09-18
633;Caroline Costa;56;levi92@example.net;4714.94;2016-01-07
634;Dr. Mateus Souza;41;guilhermemendes@example.net;5213.15;2022-06-04
635;Mirella da Costa;30;silvalucca@example.com;9651.55;2020-06-04
636;Maitê Cirino;29;aragaomarcela@example.org;2676.81;2017-07-06
637;Yago Monteiro;35;bruna05@example.net;18513.59;2020-03-23
638;Lucas Gabriel da Conceição;22;enzo-gabrielsantos@example.org;19134.24;2014-10-29
639;Henry Ferreira;31;dnovais@example.org;6603.4;2018-08-02
640;Dr. Yuri da Luz;51;joana47@example.org;4768.59;2012-10-20
641;Pietra Albuquerque;25;luiz-gustavo80@example.net;18147.56;2019-11-09
642;Emanuel Barbosa;31;vargassofia@example.net;16422.84;2020-09-26
643;Miguel Cardoso;60;nataliasa@example.org;7835.18;2017-11-24
644;José Pedro Rios;21;lcasa-grande@example.com;17539.54;2019-04-10
645;Emilly Viana;18;marceloaraujo@example.com;14783.59;2017-01-04
646;Maria Fernanda Viana;51;josuerezende@example.net;14116.71;2023-12-24
647;Agatha Nunes;42;davi-miguelcamargo@example.org;19307.46;2014-10-08
648;João Andrade;63;jose51@example.net;12312.69;2015-05-16
649;Davi Leão;42;nalves@example.com;7723.99;2018-10-21
650;Rhavi Martins;35;carlos-eduardoda-rosa@example.net;11084.92;2023-01-26
651;Dante Vargas;50;casa-grandefernanda@example.org;8925.73;2018-10-26
652;Levi Rodrigues;36;jduarte@example.com;11883.34;2024-09-13
653;Erick Mendes;40;diego16@example.net;3812.95;2014-11-10
654;Helena Castro;36;marcos-viniciusfarias@example.net;4787.42;2013-01-12
655;Lucas Viana;29;stella22@example.net;19200.71;2019-09-18
656;Gustavo Henrique Cassiano;22;nascimentobenicio@example.org;2393.17;2022-03-09
657;Isabella Moreira;40;milenaalmeida@example.org;10849.45;2022-06-29
658;Srta. Ana Sophia Pimenta;59;hduarte@example.org;5654.48;2016-04-16
659;Antony Carvalho;18;lopesvinicius@example.org;12448.22;2019-10-31
660;Luara Costa;29;clariceteixeira@example.com;12195.44;2022-01-21
661;Dr. Marcelo Macedo;63;benjamimcassiano@example.com;13791.6;2018-07-13
662;Sr. Pedro Henrique Azevedo;59;aviana@example.net;4265.25;2015-10-09
663;Sra. Sophie Pires;21;peixotosarah@example.com;3627.13;2013-06-28
664;Antônio Macedo;33;lporto@example.net;6605.56;2022-02-15
665;Luiz Henrique Novais;19;maria-luiza03@example.net;12212.38;2019-01-19
666;João Lucas Jesus;20;davi-miguelcastro@example.com;3331.69;2018-04-06
667;Isaac da Rosa;62;mateus86@example.net;12497.62;2024-11-09
668;Pedro Henrique Garcia;54;lara49@example.com;6404.32;2013-07-22
669;Allana Novais;20;luara28@example.net;13929.78;2018-08-13
670;Marcela Souza;64;moraessarah@example.net;2948.2;2017-08-22
671;Sr. Bernardo Azevedo;58;abreutheo@example.com;4005.75;2021-01-07
672;Ravy Souza;31;valentina00@example.net;13158.2;2016-06-02
673;Cecília Lopes;28;luiz-felipe83@example.net;3486.26;2015-05-06
674;Pedro Cardoso;50;kfonseca@example.org;4201.94;2020-10-08
675;Valentina Silva;38;ana-clarafogaca@example.org;19856.55;2021-02-22
676;Sra. Alana da Luz;61;monteiromaria-sophia@example.com;15270.24;2018-01-01
677;Gabriela Lopes;47;abreupietro@example.net;12470.19;2021-01-18
678;Srta. Maria Liz Aragão;32;ana-vitoriada-luz@example.net;3149.25;2019-07-16
679;Alexia Pacheco;44;alexandre60@example.org;15163.38;2018-05-23
680;Bianca Monteiro;58;heitorda-rocha@example.org;9147.77;2022-12-16
681;Esther Marques;56;alvesasafe@example.com;3716.89;2017-01-18
682;Maysa Silveira;59;luizacaldeira@example.org;16028.55;2016-12-16
683;Gabriel Teixeira;62;ana-lizbarbosa@example.com;6913.98;2019-05-18
684;Letícia Monteiro;44;augusto87@example.net;7709.99;2024-06-26
685;Marcelo Gomes;46;fonsecarebeca@example.net;12009.43;2022-02-15
686;Henrique Cassiano;50;luan07@example.net;18108.17;2020-06-08
687;Valentim da Cruz;47;enzo-gabrielrocha@example.net;15385.84;2018-10-12
688;Léo Aparecida;33;melissaoliveira@example.com;1539.77;2017-07-31
689;Thiago Sousa;37;manuella60@example.com;13557.15;2017-07-26
690;Carolina Almeida;34;isaque35@example.com;2668.28;2019-11-26
691;Maria Isis Siqueira;29;alopes@example.net;18389.0;2017-12-04
692;Léo Aragão;19;benicio31@example.net;16050.26;2019-09-12
693;João Lucas Sá;40;siqueirafelipe@example.net;10079.92;2018-06-01
694;Dr. Vitor Gabriel Oliveira;60;duartedavi-lucca@example.org;6004.98;2015-05-01
695;Heloísa Fonseca;51;toliveira@example.net;15612.24;2012-12-11
696;Dr. Bento Pinto;60;heloisa44@example.org;11898.55;2020-07-10
697;Lorenzo das Neves;31;maria-eduarda75@example.net;5772.97;2022-07-17
698;Sra. Sophia Cirino;49;luiz-henrique39@example.net;14061.23;2014-09-26
699;Anthony Vasconcelos;30;maria-sophiafogaca@example.org;11279.43;2014-11-23
700;Ana Lívia Novais;31;maria-helenacamargo@example.org;5167.18;2017-04-11
701;Ana Cecília Siqueira;31;mabreu@example.org;8783.5;2018-07-21
702;Theodoro Castro;33;isabelly54@example.net;8011.46;2013-02-06
703;Sr. Bento da Mata;64;marianecamargo@example.net;18956.69;2021-11-15
704;Aylla Pires;26;isabelly60@example.com;15976.97;2014-10-14
705;Sr. Arthur Gabriel Andrade;57;davidias@example.org;4594.48;2020-04-07
706;Juan Mendes;58;mendoncastephany@example.org;8459.08;2023-11-23
707;Joana Castro;42;matteorocha@example.net;5688.73;2014-05-20
708;Mariane Barros;32;franciscopereira@example.net;15772.3;2020-05-30
709;Eloá da Mota;58;dmoraes@example.com;18110.89;2025-01-06
710;Srta. Lavínia Oliveira;33;bianca29@example.net;6357.35;2024-04-13
711;Yago Rocha;42;campospedro-miguel@example.net;3495.77;2019-04-27
712;Eduarda da Mata;21;natalia41@example.org;14998.04;2016-06-14
713;Maria Viana;58;barbosalorena@example.com;19418.32;2022-07-09
714;Luigi Vasconcelos;62;luiz-otaviomelo@example.org;2093.02;2014-01-05
715;Maria Julia Rocha;32;vitorporto@example.org;3142.64;2018-04-24
716;Daniel da Mata;38;mendoncacamila@example.org;13346.7;2022-06-02
717;José Costela;54;fonsecajoao-pedro@example.net;11344.75;2022-12-04
718;Daniel da Cunha;60;joao-pedroalbuquerque@example.org;16963.59;2021-02-23
719;Esther Gomes;35;vasconcelosarthur-miguel@example.org;4001.79;2017-10-16
720;Eloá Moraes;34;mirellapacheco@example.com;18118.83;2017-07-18
721;Maria Helena Monteiro;26;isaquegarcia@example.com;14470.53;2015-02-01
722;Lívia Borges;24;ynascimento@example.net;7352.88;2015-11-07
723;Maria Eduarda Sá;62;pietro70@example.net;13288.6;2023-03-07
724;Manuela Sá;30;carlos-eduardo27@example.net;2385.72;2016-04-29
725;Alice Lima;23;carolina90@example.com;18877.7;2020-10-19
726;Mariah Camargo;61;alexiarezende@example.org;18368.31;2014-11-15
727;Daniela da Conceição;27;novaeshenry@example.com;3781.67;2022-02-08
728;Marina Silva;28;britothales@example.org;2275.12;2024-09-27
729;Maya das Neves;56;xsiqueira@example.com;15517.96;2017-07-29
730;Aylla Marques;54;isabela90@example.net;2012.83;2015-03-13
731;Caio Sá;18;ana-sophiasilva@example.com;16702.87;2016-02-07
732;João Gabriel Azevedo;63;rviana@example.com;9711.69;2020-12-23
733;Sr. Bento Garcia;39;siqueiraagatha@example.org;4790.5;2020-09-01
734;Mateus Freitas;27;valentina93@example.com;2941.21;2022-11-27
735;Daniel Lima;22;emanuellamartins@example.com;6647.45;2022-07-01
736;Sra. Maya da Mata;57;nunesbreno@example.org;7401.82;2022-11-22
737;Sr. Kaique Aparecida;64;bpastor@example.net;9618.49;2024-01-02
738;Miguel Caldeira;60;isabelpastor@example.com;10332.84;2015-01-24
739;Srta. Isabel Costela;49;zoemacedo@example.net;19768.22;2022-09-17
740;Asafe da Luz;49;andradedaniel@example.net;16217.08;2016-12-14
741;Breno Garcia;53;goncalvesalicia@example.org;5926.06;2024-07-17
742;Bryan Araújo;59;caldeirapedro@example.org;9592.12;2012-12-30
743;Alana Mendes;32;davi-lucca80@example.net;16416.04;2022-02-06
744;Pedro Lucas Campos;18;mariana46@example.net;16587.79;2015-02-28
745;Dra. Nina Almeida;65;lunnacardoso@example.net;17690.7;2024-10-29
746;Dra. Ana Júlia Costa;29;wpires@example.org;3414.7;2020-09-01
747;Theodoro Barbosa;39;da-costapedro-miguel@example.com;17087.75;2014-08-31
748;Asafe Carvalho;28;manuellaviana@example.net;17515.96;2022-11-16
749;Ágatha Pereira;27;antoniosales@example.com;11013.42;2020-04-11
750;João Felipe Jesus;60;maria-julia94@example.net;11844.75;2016-03-08
751;Bryan Siqueira;47;luiz-henriquemoura@example.com;8231.97;2017-01-01
752;Bryan Fogaça;25;cunhaian@example.org;3226.32;2018-02-12
753;Dr. Vitor Hugo Dias;27;antonellasa@example.org;2391.14;2017-01-18
754;Clarice Melo;27;marcelo95@example.com;3009.52;2023-05-13
755;Raul Oliveira;54;fmelo@example.com;7931.85;2020-01-31
756;Matteo Correia;63;maria-alice91@example.com;13826.37;2013-11-27
757;Nathan Ribeiro;23;rafael43@example.com;14974.73;2017-07-09
758;Ester Porto;29;luiz-otaviocirino@example.com;9407.79;2013-08-28
759;Oliver Guerra;65;aramos@example.org;1554.25;2023-09-10
760;Luiz Felipe Mendonça;20;rvieira@example.net;12739.54;2021-05-21
761;Sr. Lucca Cavalcante;61;kamilly79@example.com;4048.05;2013-04-05
762;Luísa Cunha;37;enzo75@example.net;19245.35;2019-07-27
763;André Novais;39;mendoncalucas-gabriel@example.com;16007.44;2018-05-10
764;Francisco Rocha;20;lpinto@example.org;7960.21;2020-07-09
765;Bruno Cavalcante;42;wduarte@example.net;6248.39;2024-07-20
766;Erick Jesus;57;felipemarques@example.net;4933.46;2017-10-29
767;Sophia Pires;42;ana-laura10@example.org;19457.92;2017-08-26
768;Olivia Fernandes;48;gabriela08@example.org;10516.76;2020-08-20
769;Caleb Pereira;51;fogacahelena@example.net;19366.79;2019-10-21
770;Dra. Luiza Correia;53;isis38@example.net;10227.11;2018-04-09
771;Helena Montenegro;57;vitor-gabriel22@example.com;3420.87;2022-08-25
772;Sra. Maria Luísa da Rosa;51;macedootto@example.net;6492.48;2014-04-22
773;Lucas Gabriel Farias;49;elisa42@example.com;15746.23;2018-03-21
774;Lucas Novaes;24;maria-claraaraujo@example.com;7932.66;2022-01-10
775;Pedro Lucas Cirino;23;pimentavitoria@example.net;4780.13;2015-02-16
776;Dr. Gustavo Moraes;30;stephany59@example.net;3104.1;2017-08-19
777;Gael Henrique Cirino;41;heitorrodrigues@example.org;4278.84;2017-04-29
778;Olívia Macedo;33;hrocha@example.net;12691.98;2018-06-14
779;Isaque Fonseca;35;costaesther@example.com;4917.29;2019-08-24
780;João Pedro Santos;62;oliviada-cruz@example.org;18328.44;2012-05-16
781;Sofia Barbosa;48;garciaana@example.net;14387.82;2024-08-03
782;Sr. Yan Albuquerque;23;tvasconcelos@example.net;3820.1;2016-04-24
783;Arthur Miguel Azevedo;48;sofia51@example.org;17765.62;2024-06-25
784;Julia Brito;50;thalesda-paz@example.org;2399.5;2023-05-15
785;Lívia Câmara;51;sarahlima@example.com;13647.19;2025-01-30
786;Sara Câmara;35;ana-clara82@example.org;13298.34;2024-02-28
787;Srta. Zoe Melo;50;gaelcampos@example.com;6396.77;2013-11-26
788;Luiz Miguel Porto;47;mateusborges@example.net;17374.51;2023-03-10
789;Vicente Fogaça;58;das-nevesalice@example.org;1531.22;2014-08-13
790;Bianca Fogaça;52;iduarte@example.net;19919.24;2015-02-08
791;Kevin Fogaça;31;azevedoliam@example.net;2534.11;2013-06-17
792;Anthony Gabriel Freitas;29;ana-claracavalcanti@example.net;15705.39;2018-05-15
793;Valentina Santos;30;davi36@example.net;16421.88;2015-07-16
794;José Andrade;54;mnovais@example.com;17731.66;2015-04-16
795;Dra. Brenda Sousa;53;henriquesa@example.net;15619.04;2016-07-12
796;Vicente Novais;30;garciajade@example.net;8257.29;2016-06-06
797;Augusto Barros;35;ana-beatrizmachado@example.org;11463.01;2018-12-10
798;João Gabriel Camargo;28;manuellaviana@example.org;11316.63;2022-08-22
799;Júlia da Rosa;26;murilosousa@example.com;18330.78;2014-12-14
800;Zoe Fogaça;46;ravi-luccada-costa@example.org;2254.53;2017-08-28
801;Isabella Carvalho;32;lcirino@example.net;6155.85;2013-10-15
802;Sra. Maria Alice Fonseca;55;nfonseca@example.net;15678.17;2016-12-25
803;Maria Isis da Conceição;18;kferreira@example.com;5635.85;2024-03-27
804;Dr. Kaique Moraes;59;jose-miguelrocha@example.com;17064.89;2016-11-24
805;Caio Gomes;30;ribeiromaria-julia@example.net;18009.11;2022-10-11
806;Vicente da Rosa;28;dante95@example.com;8947.07;2019-08-30
807;Miguel da Paz;60;gfonseca@example.com;16929.43;2012-04-25
808;Dr. Luan Sampaio;30;melomaria-eduarda@example.org;5664.02;2015-12-23
809;Manuela Nogueira;51;da-costahellena@example.com;10068.56;2020-04-14
810;Ana Julia Silveira;30;egoncalves@example.net;19110.31;2022-12-09
811;Mariane da Mota;55;albuquerqueryan@example.com;7536.61;2017-02-19
812;Anna Liz Moreira;60;danilo28@example.com;9466.8;2020-12-23
813;Nathan Sousa;38;pedro-miguelbarbosa@example.net;18763.99;2020-06-03
814;Joana Vargas;42;paulo55@example.org;16388.63;2020-03-17
815;Carlos Eduardo Câmara;45;martinsthomas@example.org;9183.52;2013-06-16
816;Maria Luiza Camargo;52;maria-laurapereira@example.com;6745.9;2017-11-20
817;Srta. Bianca Rodrigues;24;rfonseca@example.org;17184.2;2014-06-12
818;Vitor Cardoso;18;cardosogabriela@example.com;9681.28;2023-08-09
819;Clarice da Rocha;43;snascimento@example.org;19808.32;2012-05-06
820;Nina Sampaio;57;acavalcanti@example.net;19655.23;2020-03-23
821;Marcela Câmara;52;joao-pedroda-rosa@example.com;15400.13;2023-11-21
822;Matteo da Mota;45;wsa@example.org;11828.14;2022-11-27
823;Luiza Cavalcante;22;larissa00@example.net;4617.41;2019-05-10
824;Heloísa Siqueira;55;novaisjose-miguel@example.com;14793.99;2021-01-01
825;Isabelly Moura;30;francisco94@example.net;14964.74;2019-09-06
826;Hadassa Borges;60;jesuslevi@example.net;15511.91;2021-10-16
827;Pedro Miguel Porto;65;cecilia47@example.net;16019.1;2021-12-22
828;Eloá Garcia;56;ferreiraeduardo@example.org;19550.96;2017-05-15
829;Calebe Aragão;26;paulo19@example.net;12068.43;2018-07-02
830;Pedro Lucas Casa Grande;62;tmacedo@example.net;13115.01;2013-01-19
831;João Guilherme Oliveira;30;laragoncalves@example.net;15194.49;2014-04-26
832;Yasmin Souza;49;bsilva@example.org;16169.32;2021-04-26
833;Gabriela Sá;65;ana-sophia48@example.org;10342.02;2021-01-24
834;Srta. Catarina Novais;39;bernardo99@example.com;7411.56;2018-12-29
835;Gael Pires;63;maria-fernanda29@example.org;15374.46;2013-11-13
836;João Felipe Ramos;61;ayla72@example.net;13408.7;2018-07-25
837;Dr. Theo Sousa;21;daniela05@example.com;14678.12;2013-03-27
838;Thiago Macedo;40;rael27@example.net;7105.04;2023-07-30
839;Paulo Nascimento;24;mendoncamatteo@example.org;8143.97;2025-02-25
840;Luiz Henrique Vasconcelos;64;piresmaria-helena@example.net;13705.73;2014-07-11
841;Gael Sales;37;juan67@example.net;14332.56;2019-10-18
842;Brenda da Luz;51;jose-pedrorodrigues@example.org;14421.1;2021-01-14
843;Anthony da Mata;46;britomariah@example.net;17970.38;2019-02-16
844;Jade Melo;36;sara43@example.org;10185.45;2015-09-20
845;Clarice Fernandes;54;fernandomelo@example.org;2276.68;2021-09-03
846;Rafael Rodrigues;54;britokaique@example.com;7828.65;2016-07-20
847;Lorenzo Moraes;33;leticiada-luz@example.net;1557.32;2013-09-01
848;Esther Montenegro;56;gustavo-henriquemachado@example.net;2233.35;2022-09-08
849;Aurora Siqueira;51;matheusramos@example.org;18561.43;2022-09-08
850;Diego Machado;53;zcardoso@example.com;12775.92;2021-10-21
851;Danilo Cunha;45;nsilveira@example.org;18235.31;2021-05-11
852;João Felipe Duarte;33;yda-mata@example.net;19999.65;2022-11-15
853;Ana Julia Pires;20;pduarte@example.org;12963.33;2016-07-11
854;Isabelly Novaes;23;ana-luiza25@example.net;14555.64;2012-08-11
855;Benício Jesus;30;anovaes@example.org;17342.88;2025-01-04
856;José Pedro Sales;40;caldeiracarlos-eduardo@example.net;10028.22;2019-09-29
857;Sra. Bella da Paz;57;caio39@example.org;17121.38;2024-04-13
858;Davi Miguel Moura;64;zteixeira@example.com;13866.5;2020-04-03
859;Francisco Casa Grande;25;bda-cunha@example.com;2482.54;2023-04-17
860;Nicole da Paz;65;sampaioraquel@example.net;15242.09;2019-11-12
861;Milena Dias;29;brunateixeira@example.com;2086.13;2023-12-19
862;Ester da Conceição;29;lorenzoborges@example.com;12371.41;2014-12-17
863;Jade Leão;19;natalia02@example.org;4886.15;2021-04-28
864;Rhavi Campos;42;ayllasantos@example.net;8278.22;2016-05-29
865;Luiz Gustavo Lima;51;fonsecaluiz-otavio@example.net;4191.64;2020-03-14
866;Aylla Pacheco;52;joao-lucasda-mata@example.net;19590.73;2024-02-16
867;Ana Liz Cardoso;32;yasmincavalcanti@example.net;11671.95;2014-07-02
868;Isis Cavalcante;27;hadassa42@example.com;11491.21;2017-04-12
869;Bruno Brito;28;isaac08@example.net;7757.09;2021-01-30
870;Igor Marques;51;ugomes@example.net;15624.12;2021-02-11
871;Joana Garcia;63;antoniovasconcelos@example.com;8910.31;2017-09-09
872;Diego das Neves;45;marianabarbosa@example.net;11246.1;2018-02-17
873;Henry Gabriel Teixeira;47;gmelo@example.com;8629.29;2019-09-28
874;Daniel Vieira;26;isiqueira@example.com;16044.32;2014-02-28
875;Luiz Fernando Guerra;55;pedro98@example.net;7579.12;2021-07-16
876;Asafe Fonseca;53;nascimentoluisa@example.com;1606.33;2017-06-11
877;Ana Carolina Costa;20;gcastro@example.net;7885.31;2021-11-14
878;Benjamin Marques;22;gomeselisa@example.net;7861.02;2018-12-06
879;Cauã Costa;54;xbrito@example.org;15780.2;2014-07-02
880;Sr. Lucas Gabriel da Rosa;31;joao-guilhermeda-mota@example.net;14916.32;2024-07-26
881;Marcelo Brito;37;gmontenegro@example.com;1596.72;2013-06-29
882;Nicole Siqueira;18;rcassiano@example.com;12346.58;2025-01-03
883;Ana Lívia Pimenta;18;gguerra@example.com;8919.86;2014-02-19
884;Sr. Calebe Fogaça;51;lizmonteiro@example.org;18374.74;2020-07-27
885;Dra. Larissa Cardoso;54;lorenzomelo@example.net;2297.77;2019-05-22
886;Isis Cavalcanti;38;ana-livia75@example.net;11469.89;2018-08-10
887;Nina Moreira;57;mariane02@example.com;15643.62;2020-08-21
888;Marcelo Costela;57;theo47@example.net;18308.97;2022-04-13
889;Guilherme Camargo;28;carvalholucas-gabriel@example.com;8608.18;2018-07-19
890;Benjamim Dias;33;randrade@example.net;8695.77;2013-11-08
891;Dr. Valentim Rios;34;marinamendonca@example.net;13603.07;2014-02-06
892;Sr. Anthony Gabriel das Neves;62;helena61@example.org;16069.37;2018-06-26
893;Maya Borges;45;gustavo56@example.org;4852.07;2016-05-20
894;Alana Duarte;26;barrosagatha@example.net;17464.03;2017-04-05
895;João Lucas Camargo;25;vsilveira@example.org;8442.12;2012-08-24
896;Ana Beatriz Vargas;49;vargasjose-pedro@example.net;10917.1;2016-07-19
897;Bárbara Silveira;41;augustoandrade@example.org;17924.44;2024-06-13
898;Yago Siqueira;37;rodrigocavalcanti@example.net;5563.67;2023-11-25
899;Valentina Sousa;52;ana-sophia52@example.org;3101.38;2013-08-13
900;Josué Novais;62;mendesantonella@example.com;6278.66;2023-07-29
901;Antonella Teixeira;19;enzo-gabriel62@example.com;9149.02;2021-05-02
902;Mathias Cavalcanti;20;lorena68@example.com;19133.63;2013-07-17
903;Dr. Raul Brito;52;mariahda-conceicao@example.org;7969.5;2017-11-17
904;Isadora Duarte;38;maria-luisa23@example.org;13208.21;2018-03-19
905;Ryan Sampaio;62;matheuscardoso@example.net;3167.72;2016-10-07
906;Guilherme Sousa;54;zcamara@example.com;11248.33;2022-02-15
907;Pedro Miguel Fonseca;55;cauaaparecida@example.org;14115.82;2024-03-13
908;Kevin Borges;29;maria-alicerios@example.net;19282.74;2015-04-30
909;Yuri Moraes;43;lorenzo02@example.com;16554.48;2019-11-05
910;Ana da Luz;64;gcardoso@example.com;2206.07;2013-05-15
911;Mariane Montenegro;38;tcaldeira@example.net;11441.28;2021-04-25
912;Leandro Oliveira;51;leaopedro-miguel@example.com;1810.65;2017-02-09
913;Luiz Miguel Andrade;59;vinicius10@example.org;7636.06;2017-11-19
914;Mirella Costela;32;isis55@example.org;12720.85;2022-07-27
915;Benjamin das Neves;46;ana-claravasconcelos@example.org;11096.54;2021-03-12
916;Sr. Liam Mendes;49;milena59@example.net;15124.83;2014-01-29
917;Dr. Arthur Gabriel Sousa;59;moraesgabriel@example.org;6044.82;2023-07-10
918;Dr. João Guilherme Barbosa;24;gustavoaragao@example.net;18817.85;2023-05-20
919;Maria Fernanda da Rosa;63;maria-luisa65@example.com;19869.41;2021-12-18
920;Srta. Larissa Souza;50;brunapacheco@example.org;5631.15;2019-04-07
921;Gabriel Lopes;61;barbosaasafe@example.org;7403.27;2023-10-21
922;Yan Azevedo;36;fonsecaallana@example.org;15235.15;2014-06-30
923;Julia Montenegro;30;goncalveseduarda@example.com;15109.88;2013-09-27
924;Dr. Theodoro Guerra;56;ana-luizagomes@example.org;14786.06;2016-03-06
925;Breno Mendonça;62;carvalhojose-pedro@example.com;1551.75;2017-04-29
926;Benjamin Lima;22;laispereira@example.com;19589.65;2018-07-11
927;Srta. Sophie Almeida;60;joaquimpimenta@example.net;7728.37;2021-03-30
928;Luana Pimenta;43;dmendonca@example.net;10099.74;2012-05-26
929;Dra. Lara Fogaça;29;eduarda62@example.com;2616.71;2022-09-13
930;Arthur Gabriel da Mata;31;sara36@example.org;10788.27;2024-01-15
931;Thiago Sales;28;zmacedo@example.org;3670.33;2024-07-19
932;Dr. Bernardo Cirino;60;cavalcanteemanuelly@example.org;13446.86;2012-07-26
933;Dra. Cecília Sá;65;rebeca25@example.org;19660.88;2021-04-14
934;Otávio Siqueira;22;davi-lucas73@example.net;5037.28;2016-07-07
935;Clara Santos;37;bgarcia@example.org;4998.59;2013-05-29
936;Maria Fernanda Montenegro;50;saraholiveira@example.com;7203.39;2017-06-06
937;Raul da Conceição;35;vargasmaria-julia@example.org;7380.01;2017-04-18
938;Caio Albuquerque;54;pachecoisabela@example.com;12167.04;2021-10-20
939;Melina Pires;48;maya34@example.net;19393.7;2017-01-17
940;Théo Sales;63;ovargas@example.org;4092.78;2019-10-01
941;Dr. Augusto Correia;49;brenoferreira@example.org;13633.47;2016-01-03
942;Gabrielly Garcia;44;fnascimento@example.com;8102.84;2019-08-12
943;Sra. Júlia Fernandes;56;pereiralaura@example.com;7595.07;2019-08-12
944;Gustavo Henrique Pires;41;ravyalmeida@example.net;9272.97;2014-06-11
945;Heloísa Ramos;47;costelaarthur@example.com;19449.43;2014-02-03
946;Pietra Barbosa;56;theo80@example.org;8443.3;2022-02-25
947;Gabriel Oliveira;27;allana53@example.net;12898.61;2018-01-19
948;Dra. Isabelly Peixoto;49;emanuella52@example.net;8490.32;2021-09-23
949;Raul Ferreira;43;levilima@example.net;2590.25;2023-06-22
950;Isabella Lopes;24;avieira@example.net;4019.27;2022-12-03
951;Gael Monteiro;30;limaana@example.org;15167.1;2022-03-15
952;Sra. Mariane Pires;51;calebe35@example.com;18454.89;2015-03-14
953;Lara Aparecida;32;rcastro@example.org;12937.05;2019-02-28
954;Ana Cecília Nascimento;56;da-rochabella@example.com;9417.23;2019-04-26
955;Diogo Mendes;44;jdias@example.org;2046.97;2016-01-23
956;Amanda Pires;49;maria-luisabarbosa@example.com;11984.76;2013-03-07
957;Juan Guerra;33;imoraes@example.org;13794.51;2016-11-01
958;Isabela Araújo;24;nogueiraisadora@example.com;12893.63;2023-11-14
959;Maysa da Cunha;18;isadora58@example.net;7483.71;2022-02-06
960;Danilo Mendonça;43;machadorael@example.org;16022.58;2023-02-04
961;Valentina Pacheco;19;piresana-laura@example.org;16248.68;2024-04-15
962;Joaquim Souza;57;liamalmeida@example.org;9074.0;2015-06-22
963;Luan da Costa;31;joao-pedro30@example.com;1815.04;2013-08-10
964;Sra. Maria Costa;37;manuelamoraes@example.org;9844.94;2017-11-02
965;Apollo da Rocha;36;carolinagomes@example.net;14188.44;2014-10-11
966;Zoe Pinto;47;leosa@example.org;6341.91;2024-02-05
967;Emanuel Carvalho;50;ferreiracaroline@example.org;16869.22;2022-07-12
968;Ana Luiza Pereira;19;vitor-hugo79@example.net;15100.11;2023-02-13
969;José Miguel Nunes;47;eduardomoura@example.org;3016.66;2024-09-24
970;Asafe Campos;42;freitasana-beatriz@example.com;4415.39;2022-04-12
971;Arthur Montenegro;37;moreiraleandro@example.net;5998.83;2024-01-22
972;Dra. Ana Júlia Dias;43;tcasa-grande@example.net;15966.25;2017-11-10
973;Heloisa Silva;48;gaparecida@example.com;2974.81;2013-01-25
974;Cauê da Rocha;65;ryan66@example.org;6936.95;2022-03-23
975;Srta. Isis da Cunha;59;barrosmelina@example.com;3472.46;2022-10-28
976;Sra. Ana Julia Moreira;23;vitor-hugo72@example.net;2677.27;2017-07-22
977;Sara Andrade;60;salesravy@example.org;19931.12;2016-10-16
978;Esther Lima;25;xmelo@example.org;18627.17;2020-02-13
979;Maria Luiza Leão;24;henrynovaes@example.com;18813.88;2013-08-23
980;Olívia Almeida;29;pereirabella@example.org;16583.93;2016-08-26
981;Dr. Mathias Marques;41;aragaosophia@example.net;3569.2;2018-08-09
982;Catarina Alves;62;stella66@example.net;7874.07;2021-05-13
983;Sr. Arthur Campos;18;abreucaio@example.com;14211.9;2018-08-14
984;Dra. Ester Silveira;60;xcorreia@example.net;11553.93;2022-08-07
985;Cauê Abreu;60;bentopires@example.com;10595.91;2018-06-07
986;Brayan Vasconcelos;43;sophie44@example.com;6998.68;2012-03-17
987;Emanuella Pires;18;abreumaria-laura@example.org;19880.1;2023-12-12
988;Arthur Gabriel Rodrigues;48;mathias97@example.com;17943.27;2015-11-04
989;Alícia Fogaça;42;heitor55@example.com;17126.62;2017-10-21
990;Valentim Lopes;19;aliceda-conceicao@example.com;9916.61;2024-06-21
991;Dr. Vitor Hugo Ramos;41;castroclarice@example.net;8450.34;2017-12-17
992;Henry Gabriel Nascimento;20;ana-julia29@example.org;6475.1;2022-03-30
993;Alice Rezende;45;procha@example.org;12727.92;2012-06-18
994;Théo Sá;44;dsales@example.com;8552.58;2012-12-31
995;Benício Macedo;23;carlos-eduardo50@example.org;4519.24;2017-01-14
996;Sr. Lucca Montenegro;52;pireslevi@example.org;9555.26;2015-08-04
997;Ryan Pastor;22;cecilialopes@example.org;9929.89;2019-04-03
998;Elisa Peixoto;21;joao-gabriel42@example.net;11625.63;2014-09-05
999;Luana Santos;33;ayllarios@example.org;10070.96;2015-10-25
1000;Diego Casa Grande;23;santosvitoria@example.org;8227.49;2020-01-08
